"p196987";"Davide Merelli";"Goalkeeper";"Atalanta";"200000";"VL"
"p37787";"Vlada Avramov";"Goalkeeper";"Atalanta";"200000";"VL"
"p55083";"Marco Sportiello";"Goalkeeper";"Atalanta";"200000";"VL"
"p10718";"Giorgio Frezzolini";"Goalkeeper";"Atalanta";"200000";"VL"
"p17856";"Guglielmo Stendardo";"Defender";"Atalanta";"200000";"VL"
"p21194";"Cristiano Del Grosso";"Defender";"Atalanta";"200000";"VL"
"p5857";"Lionel Scaloni";"Defender";"Atalanta";"200000";"VL"
"p7216";"Gianpaolo Bellini";"Defender";"Atalanta";"200000";"VL"
"p18414";"Giuseppe Biava";"Defender";"Atalanta";"200000";"VL"
"p105700";"Davide Zappacosta";"Defender";"Atalanta";"200000";"VL"
"p41321";"Yohan Benalouane";"Defender";"Atalanta";"200000";"VL"
"p45319";"Nicolò Cherubin";"Defender";"Atalanta";"200000";"VL"
"p18502";"Cristian Raimondi";"Defender";"Atalanta";"200000";"VL"
"p32493";"Boukary Dramé";"Defender";"Atalanta";"200000";"VL"
"p60074";"Marco D&apos;Alessandro";"Midfielder";"Atalanta";"200000";"VL"
"p19712";"Giulio Migliaccio";"Midfielder";"Atalanta";"200000";"VL"
"p55776";"Alejandro Gomez";"Midfielder";"Atalanta";"200000";"VL"
"p55831";"Maximiliano Moralez";"Midfielder";"Atalanta";"200000";"VL"
"p102195";"Daniele Baselli";"Midfielder";"Atalanta";"200000";"VL"
"p50902";"Carlos Carmona";"Midfielder";"Atalanta";"200000";"VL"
"p50402";"Marcelo Estigarribia";"Midfielder";"Atalanta";"200000";"VL"
"p18362";"Luca Cigarini";"Midfielder";"Atalanta";"200000";"L"
"p84161";"Leonardo Spinazzola";"Midfielder";"Atalanta";"200000";"VL"
"p153754";"Salvatore Molina";"Midfielder";"Atalanta";"200000";"VL"
"p195516";"Alberto Grassi";"Midfielder";"Atalanta";"200000";"VL"
"p9750";"Rolando Bianchi";"Forward";"Atalanta";"200000";"VL"
"p48850";"Germán Denis";"Forward";"Atalanta";"200000";"VL"
"p146691";"Valerio Rosseti";"Forward";"Atalanta";"200000";"VL"
"p82436";"Richmond Boakye";"Forward";"Atalanta";"200000";"VL"
"p50322";"Simone Colombi";"Goalkeeper";"Cagliari";"200000";"VL"
"p105133";"Alessio Cragno";"Goalkeeper";"Cagliari";"200000";"VL"
"p147616";"Werther Carboni";"Goalkeeper";"Cagliari";"200000";"VL"
"p105108";"Nicola Murru";"Defender";"Cagliari";"200000";"VL"
"p84619";"Danilo Avelar";"Defender";"Cagliari";"200000";"VL"
"p18535";"Francesco Pisano";"Defender";"Cagliari";"200000";"VL"
"p47545";"Luca Rossettini";"Defender";"Cagliari";"200000";"VL"
"p77208";"Antonio Balzano";"Defender";"Cagliari";"200000";"VL"
"p76076";"Simone Benedetti";"Defender";"Cagliari";"200000";"VL"
"p60849";"Luca Ceppitelli";"Defender";"Cagliari";"200000";"VL"
"p87844";"Marco Capuano";"Defender";"Cagliari";"200000";"VL"
"p80392";"Lorenzo Crisetig";"Midfielder";"Cagliari";"200000";"VL"
"p18109";"Daniele Conti";"Midfielder";"Cagliari";"200000";"VL"
"p7473";"Andrea Cossu";"Midfielder";"Cagliari";"200000";"VL"
"p88340";"João Pedro";"Midfielder";"Cagliari";"200000";"VL"
"p19936";"Daniele Dessena";"Midfielder";"Cagliari";"200000";"VL"
"p171384";"Nicolò Barella";"Midfielder";"Cagliari";"200000";"VL"
"p50779";"Albin Ekdal";"Midfielder";"Cagliari";"200000";"VL"
"p51767";"Sebastian Eriksson";"Midfielder";"Cagliari";"200000";"VL"
"p160438";"Mattia Muroni";"Midfielder";"Cagliari";"200000";"VL"
"p176116";"Godfred Donsah";"Midfielder";"Cagliari";"200000";"VL"
"p81045";"Samuele Longo";"Forward";"Cagliari";"200000";"VL"
"p147216";"Alessandro Capello";"Forward";"Cagliari";"200000";"VL"
"p172983";"Caio";"Forward";"Cagliari";"200000";"VL"
"p55654";"Diego Farias";"Forward";"Cagliari";"200000";"VL"
"p161018";"Antonio Loi";"Forward";"Cagliari";"200000";"VL"
"p59380";"Víctor Ibarbo";"Forward";"Cagliari";"200000";"L"
"p40239";"Marco Sau";"Forward";"Cagliari";"200000";"VL"
"p87968";"Nicola Leali";"Goalkeeper";"Cesena";"200000";"VL"
"p175355";"Alberto Iglio";"Goalkeeper";"Cesena";"200000";"VL"
"p7258";"Federico Agliardi";"Goalkeeper";"Cesena";"200000";"VL"
"p38496";"Walter Bressan";"Goalkeeper";"Cesena";"200000";"VL"
"p116110";"Constantin Nica";"Defender";"Cesena";"200000";"VL"
"p74027";"Antonio Mazzotta";"Defender";"Cesena";"200000";"VL"
"p13663";"Stefano Lucchini";"Defender";"Cesena";"200000";"VL"
"p45019";"Massimo Volta";"Defender";"Cesena";"200000";"VL"
"p112054";"Luka Krajnc";"Defender";"Cesena";"200000";"VL"
"p141558";"Hordur Magnusson";"Defender";"Cesena";"200000";"VL"
"p195733";"Davide Mordini";"Defender";"Cesena";"200000";"VL"
"p45274";"Gabriele Perico";"Defender";"Cesena";"200000";"VL"
"p19588";"Daniele Capelli";"Defender";"Cesena";"200000";"VL"
"p51744";"Francesco Renzetti";"Defender";"Cesena";"200000";"VL"
"p195558";"Lorenzo Saporetti";"Defender";"Cesena";"200000";"VL"
"p180655";"Luca Valzania";"Midfielder";"Cesena";"200000";"VL"
"p21198";"Luigi Giorgi";"Midfielder";"Cesena";"200000";"VL"
"p103218";"Carlos Carbonero";"Midfielder";"Cesena";"200000";"VL"
"p38606";"Giuseppe De Feudis";"Midfielder";"Cesena";"200000";"VL"
"p21143";"Manuel Coppola";"Midfielder";"Cesena";"200000";"VL"
"p17847";"Franco Brienza";"Midfielder";"Cesena";"200000";"VL"
"p173187";"Abdul Yabré";"Midfielder";"Cesena";"200000";"VL"
"p126543";"Andrea Tabanelli";"Midfielder";"Cesena";"200000";"VL"
"p9045";"Emmanuel Cascione";"Midfielder";"Cesena";"200000";"VL"
"p17448";"Riccardo Cazzola";"Midfielder";"Cesena";"200000";"VL"
"p39087";"Nico Pulzetti";"Midfielder";"Cesena";"200000";"VL"
"p58380";"Zé Eduardo";"Midfielder";"Cesena";"200000";"VL"
"p95215";"Gregoire Defrel";"Midfielder";"Cesena";"200000";"VL"
"p91067";"Alejandro Rodriguez";"Forward";"Cesena";"200000";"VL"
"p49203";"Milan Djuric";"Forward";"Cesena";"200000";"VL"
"p18243";"Davide Succi";"Forward";"Cesena";"200000";"VL"
"p174876";"Gabriele Moncini";"Forward";"Cesena";"200000";"VL"
"p130772";"Luca Garritano";"Forward";"Cesena";"200000";"VL"
"p56008";"Guido Marilungo";"Forward";"Cesena";"200000";"VL"
"p40727";"Christian Puggioni";"Goalkeeper";"Chievo";"200000";"VL"
"p8278";"Albano Bizzarri";"Goalkeeper";"Chievo";"200000";"VL"
"p74011";"Francesco Bardi";"Goalkeeper";"Chievo";"200000";"L"
"p195505";"Grega Sorcan";"Goalkeeper";"Chievo";"200000";"VL"
"p55688";"Andrea Seculin";"Goalkeeper";"Chievo";"200000";"VL"
"p7328";"Dario Dainelli";"Defender";"Chievo";"200000";"VL"
"p7194";"Alessandro Gamberini";"Defender";"Chievo";"200000";"VL"
"p21102";"Bostjan Cesar";"Defender";"Chievo";"200000";"VL"
"p38162";"Gennaro Sardo";"Defender";"Chievo";"200000";"VL"
"p38808";"Nicolas Frey";"Defender";"Chievo";"200000";"VL"
"p52741";"Edimar";"Defender";"Chievo";"200000";"VL"
"p88432";"Cristiano Biraghi";"Defender";"Chievo";"200000";"VL"
"p59886";"Ervin Zukanovic";"Defender";"Chievo";"200000";"VL"
"p45490";"Tomasz Kupisz";"Midfielder";"Chievo";"200000";"VL"
"p59045";"Dejan Lazarevic";"Midfielder";"Chievo";"200000";"VL"
"p40436";"Ivan Radovanovic";"Midfielder";"Chievo";"200000";"VL"
"p39783";"Mariano Izco";"Midfielder";"Chievo";"200000";"VL"
"p59047";"Isaac Cofie";"Midfielder";"Chievo";"200000";"VL"
"p59883";"Rubén Botta";"Midfielder";"Chievo";"200000";"VL"
"p37412";"Valter Birsa";"Midfielder";"Chievo";"200000";"VL"
"p74375";"Ezequiel Schelotto";"Midfielder";"Chievo";"200000";"VL"
"p39481";"Perparim Hetemaj";"Midfielder";"Chievo";"200000";"VL"
"p61547";"Nicola Bellomo";"Midfielder";"Chievo";"200000";"VL"
"p18574";"Thomas Mangani";"Midfielder";"Chievo";"200000";"VL"
"p19787";"Maxi López";"Forward";"Chievo";"200000";"VL"
"p10729";"Sergio Pellissier";"Forward";"Chievo";"200000";"VL"
"p49569";"Alberto Paloschi";"Forward";"Chievo";"200000";"VL"
"p19480";"Riccardo Meggiorini";"Forward";"Chievo";"200000";"VL"
"p38858";"Maurizio Pugliesi";"Goalkeeper";"Empoli";"200000";"VL"
"p172770";"Matteo Biggeri";"Goalkeeper";"Empoli";"200000";"VL"
"p39368";"Davide Bassi";"Goalkeeper";"Empoli";"200000";"VL"
"p59326";"Luigi Sepe";"Goalkeeper";"Empoli";"200000";"VL"
"p85046";"Vincent Laurini";"Defender";"Empoli";"200000";"VL"
"p20212";"Romano Perticone";"Defender";"Empoli";"200000";"VL"
"p127122";"Federico Barba";"Defender";"Empoli";"200000";"VL"
"p101019";"Mário Rui";"Defender";"Empoli";"200000";"VL"
"p103063";"Matteo Bianchetti";"Defender";"Empoli";"200000";"VL"
"p107363";"Elseid Hysaj";"Defender";"Empoli";"200000";"VL"
"p150710";"Daniele Rugani";"Defender";"Empoli";"200000";"VL"
"p42426";"Lorenzo Tonelli";"Defender";"Empoli";"200000";"VL"
"p13528";"Davide Moro";"Midfielder";"Empoli";"200000";"VL"
"p51303";"Mirko Valdifiori";"Midfielder";"Empoli";"200000";"VL"
"p79881";"Franco Signorelli";"Midfielder";"Empoli";"200000";"VL"
"p38938";"Daniele Croce";"Midfielder";"Empoli";"200000";"VL"
"p148025";"Diego Laxalt";"Midfielder";"Empoli";"200000";"VL"
"p39083";"Tiberio Guarente";"Midfielder";"Empoli";"200000";"VL"
"p78819";"Simone Verdi";"Midfielder";"Empoli";"200000";"VL"
"p98815";"Manuel Pucciarelli";"Midfielder";"Empoli";"200000";"VL"
"p126440";"Piotr Zielinski";"Midfielder";"Empoli";"200000";"VL"
"p148215";"Matias Vecino";"Midfielder";"Empoli";"200000";"VL"
"p12767";"Massimo Maccarone";"Forward";"Empoli";"200000";"VL"
"p48806";"Levan Mchedlidze";"Forward";"Empoli";"200000";"VL"
"p13532";"Francesco Tavano";"Forward";"Empoli";"200000";"VL"
"p105057";"Irakli Shekiladze";"Forward";"Empoli";"200000";"VL"
"p180003";"Emanuele Rovini";"Forward";"Empoli";"200000";"VL"
"p153299";"Rodrigo Aguirre";"Forward";"Empoli";"200000";"VL"
"p69752";"Neto";"Goalkeeper";"Fiorentina";"200000";"VL"
"p44898";"Ciprian Tatarusanu";"Goalkeeper";"Fiorentina";"200000";"VL"
"p7143";"Cristiano Lupatelli";"Goalkeeper";"Fiorentina";"200000";"VL"
"p105128";"Luca Lezzerini";"Goalkeeper";"Fiorentina";"200000";"VL"
"p18352";"Gonzalo Rodríguez";"Defender";"Fiorentina";"200000";"VL"
"p20492";"Micah Richards";"Defender";"Fiorentina";"200000";"L"
"p65807";"Stefan Savic";"Defender";"Fiorentina";"200000";"L"
"p53943";"José Basanta";"Defender";"Fiorentina";"200000";"VL"
"p21129";"Manuel Pasqual";"Defender";"Fiorentina";"200000";"VL"
"p82263";"Marcos Alonso";"Defender";"Fiorentina";"200000";"VL"
"p171522";"Ricardo Bagadur";"Defender";"Fiorentina";"200000";"VL"
"p62396";"Nenad Tomovic";"Defender";"Fiorentina";"200000";"VL"
"p197096";"Edoardo Masciangelo";"Defender";"Fiorentina";"200000";"VL"
"p197095";"Enea Sanna";"Defender";"Fiorentina";"200000";"VL"
"p77777";"Ahmed Hegazy";"Defender";"Fiorentina";"200000";"VL"
"p56999";"Milan Badelj";"Midfielder";"Fiorentina";"200000";"VL"
"p33036";"Juan Vargas";"Midfielder";"Fiorentina";"200000";"VL"
"p7459";"David Pizarro";"Midfielder";"Fiorentina";"200000";"VL"
"p41450";"Marko Marin";"Midfielder";"Fiorentina";"200000";"VL"
"p18372";"Alberto Aquilani";"Midfielder";"Fiorentina";"200000";"VL"
"p66733";"Juan Guillermo Cuadrado";"Midfielder";"Fiorentina";"200000";"H"
"p49866";"Oleksandr Iakovenko";"Midfielder";"Fiorentina";"200000";"VL"
"p33176";"Matías Fernández";"Midfielder";"Fiorentina";"200000";"VL"
"p92519";"Jasmin Kurtic";"Midfielder";"Fiorentina";"200000";"VL"
"p10316";"Joaquín";"Midfielder";"Fiorentina";"200000";"VL"
"p27794";"Borja Valero";"Midfielder";"Fiorentina";"200000";"M"
"p131966";"Joshua Brillante";"Midfielder";"Fiorentina";"200000";"VL"
"p18227";"Andrea Lazzari";"Midfielder";"Fiorentina";"200000";"VL"
"p195559";"Jacopo Petriccione";"Midfielder";"Fiorentina";"200000";"VL"
"p55712";"Josip Ilicic";"Midfielder";"Fiorentina";"200000";"VL"
"p162755";"Octávio";"Midfielder";"Fiorentina";"200000";"VL"
"p18222";"Giuseppe Rossi";"Forward";"Fiorentina";"200000";"M"
"p147297";"Federico Bernardeschi";"Forward";"Fiorentina";"200000";"VL"
"p71032";"Khouma Babacar";"Forward";"Fiorentina";"200000";"VL"
"p17884";"Mario Gomez";"Forward";"Fiorentina";"200000";"L"
"p14229";"Mounir El Hamdaoui";"Forward";"Fiorentina";"200000";"VL"
"p87995";"Mattia Perin";"Goalkeeper";"Genoa";"200000";"L"
"p56386";"Eugenio Lamanna";"Goalkeeper";"Genoa";"200000";"VL"
"p195561";"Daniele Sommariva";"Goalkeeper";"Genoa";"200000";"VL"
"p17311";"Luca Antonini";"Defender";"Genoa";"200000";"VL"
"p39781";"Sebastien De Maio";"Defender";"Genoa";"200000";"VL"
"p105119";"Armando Izzo";"Defender";"Genoa";"200000";"VL"
"p18101";"Nicolas Burdisso";"Defender";"Genoa";"200000";"VL"
"p39999";"Luca Antonelli";"Defender";"Genoa";"200000";"VL"
"p54794";"Facundo Roncaglia";"Defender";"Genoa";"200000";"VL"
"p21133";"Giovanni Marchese";"Defender";"Genoa";"200000";"VL"
"p100536";"Edenilson";"Defender";"Genoa";"200000";"VL"
"p195560";"Paolo Parente";"Defender";"Genoa";"200000";"VL"
"p20069";"Aleandro Rosi";"Defender";"Genoa";"200000";"VL"
"p50933";"Tomás Rincón";"Defender";"Genoa";"200000";"VL"
"p58834";"Rodney Strasser";"Midfielder";"Genoa";"200000";"VL"
"p55340";"Diego Perotti";"Midfielder";"Genoa";"200000";"VL"
"p59054";"Maxime Lestienne";"Midfielder";"Genoa";"200000";"L"
"p78937";"Ioannis Fetfatzidis";"Midfielder";"Genoa";"200000";"VL"
"p20120";"Leandro Greco";"Midfielder";"Genoa";"200000";"VL"
"p12436";"Mario Santana";"Midfielder";"Genoa";"200000";"VL"
"p51960";"Iago Falque";"Midfielder";"Genoa";"200000";"VL"
"p69143";"Juraj Kucka";"Midfielder";"Genoa";"200000";"VL"
"p182514";"Rolando Mandragora";"Midfielder";"Genoa";"200000";"VL"
"p94751";"Stefano Sturaro";"Midfielder";"Genoa";"200000";"VL"
"p60073";"Andrea Bertolacci";"Midfielder";"Genoa";"200000";"VL"
"p167304";"Franco Mussis";"Midfielder";"Genoa";"200000";"VL"
"p17176";"Mauricio Pinilla";"Forward";"Genoa";"200000";"VL"
"p16765";"Alessandro Matri";"Forward";"Genoa";"200000";"VL"
"p171400";"Giuseppe Panico";"Forward";"Genoa";"200000";"VL"
"p18383";"Samir Handanovic";"Goalkeeper";"Internazionale";"200000";"M"
"p42947";"Juan Pablo Carrizo";"Goalkeeper";"Internazionale";"200000";"VL"
"p14216";"Tommaso Berni";"Goalkeeper";"Internazionale";"200000";"VL"
"p53406";"Jonathan";"Defender";"Internazionale";"200000";"VL"
"p91990";"Juan Jesus";"Defender";"Internazionale";"200000";"L"
"p20074";"Marco Andreolli";"Defender";"Internazionale";"200000";"VL"
"p14880";"Hugo Campagnaro";"Defender";"Internazionale";"200000";"VL"
"p14965";"Nemanja Vidic";"Defender";"Internazionale";"200000";"VL"
"p86371";"Dodô";"Defender";"Internazionale";"200000";"VL"
"p39167";"Andrea Ranocchia";"Defender";"Internazionale";"200000";"L"
"p119908";"Ibrahima Mbaye";"Defender";"Internazionale";"200000";"VL"
"p39826";"Danilo D&apos;Ambrosio";"Defender";"Internazionale";"200000";"VL"
"p146333";"Isaac Donkor";"Defender";"Internazionale";"200000";"VL"
"p78407";"Yuto Nagatomo";"Defender";"Internazionale";"200000";"L"
"p91651";"Mateo Kovacic";"Midfielder";"Internazionale";"200000";"L"
"p37399";"Fredy Guarín";"Midfielder";"Internazionale";"200000";"L"
"p34700";"Zdravko Kuzmanovic";"Midfielder";"Internazionale";"200000";"VL"
"p48853";"Gary Medel";"Midfielder";"Internazionale";"200000";"L"
"p60068";"Joel Obi";"Midfielder";"Internazionale";"200000";"VL"
"p60070";"René Krhin";"Midfielder";"Internazionale";"200000";"VL"
"p49822";"Hernanes";"Midfielder";"Internazionale";"200000";"M"
"p49396";"Yann M&apos;Vila";"Midfielder";"Internazionale";"200000";"L"
"p37979";"Pablo Daniel Osvaldo";"Forward";"Internazionale";"200000";"L"
"p20153";"Rodrigo Palacio";"Forward";"Internazionale";"200000";"L"
"p106109";"Mauro Icardi";"Forward";"Internazionale";"200000";"L"
"p161932";"Federico Bonazzoli";"Forward";"Internazionale";"200000";"VL"
"p4126";"Gianluigi Buffon";"Goalkeeper";"Juventus";"200000";"VL"
"p18409";"Marco Storari";"Goalkeeper";"Juventus";"200000";"VL"
"p39637";"Rubinho";"Goalkeeper";"Juventus";"200000";"VL"
"p193509";"Emil Audero";"Goalkeeper";"Juventus";"200000";"VL"
"p18102";"Giorgio Chiellini";"Defender";"Juventus";"200000";"L"
"p43693";"Martín Cáceres";"Defender";"Juventus";"200000";"L"
"p40669";"Angelo Ogbonna";"Defender";"Juventus";"200000";"L"
"p17172";"Andrea Barzagli";"Defender";"Juventus";"200000";"VL"
"p19713";"Marco Motta";"Defender";"Juventus";"200000";"VL"
"p28277";"Leonardo Bonucci";"Defender";"Juventus";"200000";"L"
"p27335";"Stephan Lichtsteiner";"Defender";"Juventus";"200000";"L"
"p14075";"Patrice Evra";"Defender";"Juventus";"200000";"VL"
"p72738";"Rômulo";"Midfielder";"Juventus";"200000";"VL"
"p74208";"Paul Pogba";"Midfielder";"Juventus";"200000";"VH"
"p10626";"Simone Pepe";"Midfielder";"Juventus";"200000";"VL"
"p20113";"Claudio Marchisio";"Midfielder";"Juventus";"200000";"M"
"p129508";"Kingsley Coman";"Midfielder";"Juventus";"200000";"VL"
"p14723";"Simone Padoin";"Midfielder";"Juventus";"200000";"VL"
"p7313";"Andrea Pirlo";"Midfielder";"Juventus";"200000";"VL"
"p49485";"Kwadwo Asamoah";"Midfielder";"Juventus";"200000";"VL"
"p42565";"Arturo Vidal";"Midfielder";"Juventus";"200000";"VH"
"p61566";"Roberto Pereyra";"Midfielder";"Juventus";"200000";"L"
"p141563";"Federico Mattiello";"Midfielder";"Juventus";"200000";"VL"
"p60017";"Luca Marrone";"Midfielder";"Juventus";"200000";"VL"
"p88482";"Álvaro Morata";"Forward";"Juventus";"200000";"L"
"p20312";"Carlos Tévez";"Forward";"Juventus";"200000";"M"
"p40283";"Sebastian Giovinco";"Forward";"Juventus";"200000";"L"
"p19760";"Fernando Llorente";"Forward";"Juventus";"200000";"M"
"p61824";"Etrit Berisha";"Goalkeeper";"Lazio";"200000";"VL"
"p38479";"Federico Marchetti";"Goalkeeper";"Lazio";"200000";"L"
"p141219";"Guido Guerrieri";"Goalkeeper";"Lazio";"200000";"VL"
"p140200";"Thomas Strakosha";"Goalkeeper";"Lazio";"200000";"VL"
"p37740";"Michaël Ciani";"Defender";"Lazio";"200000";"VL"
"p78140";"Stefan de Vrij";"Defender";"Lazio";"200000";"L"
"p39216";"Edson Braafheid";"Defender";"Lazio";"200000";"VL"
"p20007";"Dusan Basta";"Defender";"Lazio";"200000";"VL"
"p17886";"Abdoulay Konko";"Defender";"Lazio";"200000";"VL"
"p86055";"Santiago Gentiletti";"Defender";"Lazio";"200000";"VL"
"p112269";"Riccardo Serpieri";"Defender";"Lazio";"200000";"VL"
"p27353";"Stefan Radu";"Defender";"Lazio";"200000";"L"
"p16106";"Lorik Cana";"Defender";"Lazio";"200000";"VL"
"p78272";"Luis Pedro Cavanda";"Defender";"Lazio";"200000";"VL"
"p72073";"Diego Novaretti";"Defender";"Lazio";"200000";"VL"
"p60826";"Riccardo Perpetuini";"Midfielder";"Lazio";"200000";"VL"
"p13501";"Stefano Mauri";"Midfielder";"Lazio";"200000";"VL"
"p101537";"Felipe Anderson";"Midfielder";"Lazio";"200000";"VL"
"p37919";"Honorato Ederson";"Midfielder";"Lazio";"200000";"VL"
"p48863";"Álvaro González";"Midfielder";"Lazio";"200000";"VL"
"p51221";"Marco Parolo";"Midfielder";"Lazio";"200000";"VL"
"p40628";"Bruno Pereirinha";"Midfielder";"Lazio";"200000";"VL"
"p52049";"Senad Lulic";"Midfielder";"Lazio";"200000";"L"
"p39462";"Lucas Biglia";"Midfielder";"Lazio";"200000";"VL"
"p116120";"Ogenyi Onazi";"Midfielder";"Lazio";"200000";"VL"
"p11871";"Cristian Ledesma";"Midfielder";"Lazio";"200000";"VL"
"p130963";"Danilo Cataldi";"Midfielder";"Lazio";"200000";"VL"
"p45156";"Antonio Candreva";"Midfielder";"Lazio";"200000";"M"
"p157732";"Milos Antic";"Midfielder";"Lazio";"200000";"VL"
"p13510";"Giuseppe Sculli";"Forward";"Lazio";"200000";"VL"
"p49498";"Filip Djordjevic";"Forward";"Lazio";"200000";"VL"
"p5155";"Miroslav Klose";"Forward";"Lazio";"200000";"VL"
"p156708";"Keita";"Forward";"Lazio";"200000";"L"
"p169026";"Mamadou Tounkara";"Forward";"Lazio";"200000";"VL"
"p14509";"Michael Agazzi";"Goalkeeper";"Milan";"200000";"VL"
"p16021";"Diego López";"Goalkeeper";"Milan";"200000";"L"
"p4242";"Christian Abbiati";"Goalkeeper";"Milan";"200000";"VL"
"p107013";"Mattia De Sciglio";"Defender";"Milan";"200000";"L"
"p6274";"Philippe Mexes";"Defender";"Milan";"200000";"VL"
"p41795";"Adil Rami";"Defender";"Milan";"200000";"L"
"p41352";"Michelangelo Albertazzi";"Defender";"Milan";"200000";"VL"
"p27300";"Cristian Zapata";"Defender";"Milan";"200000";"VL"
"p18547";"Ignazio Abate";"Defender";"Milan";"200000";"L"
"p7261";"Daniele Bonera";"Defender";"Milan";"200000";"VL"
"p50369";"Pablo Armero";"Defender";"Milan";"200000";"VL"
"p18658";"Alex";"Defender";"Milan";"200000";"VL"
"p7200";"Cristian Zaccardo";"Defender";"Milan";"200000";"VL"
"p14791";"Sulley Ali Muntari";"Midfielder";"Milan";"200000";"VL"
"p57107";"Riccardo Saponara";"Midfielder";"Milan";"200000";"VL"
"p8442";"Michael Essien";"Midfielder";"Milan";"200000";"VL"
"p39830";"Andrea Poli";"Midfielder";"Milan";"200000";"L"
"p18229";"Riccardo Montolivo";"Midfielder";"Milan";"200000";"L"
"p82660";"Marco Van Ginkel";"Midfielder";"Milan";"200000";"VL"
"p49417";"Giacomo Bonaventura";"Midfielder";"Milan";"200000";"L"
"p15076";"Nigel de Jong";"Midfielder";"Milan";"200000";"L"
"p19500";"Jérémy Menez";"Forward";"Milan";"200000";"L"
"p14402";"Fernando Torres";"Forward";"Milan";"200000";"L"
"p49657";"Keisuke Honda";"Forward";"Milan";"200000";"L"
"p18231";"Giampaolo Pazzini";"Forward";"Milan";"200000";"L"
"p96764";"M&apos;Baye Niang";"Forward";"Milan";"200000";"VL"
"p58928";"Stephan El Shaarawy";"Forward";"Milan";"200000";"M"
"p185076";"Hachim Mastour";"Forward";"Milan";"200000";"VL"
"p61239";"Rafael Cabral";"Goalkeeper";"Napoli";"200000";"VL"
"p177880";"Nikita Contini";"Goalkeeper";"Napoli";"200000";"VL"
"p38556";"Roberto Colombo";"Goalkeeper";"Napoli";"200000";"VL"
"p21150";"Mariano Andujar";"Goalkeeper";"Napoli";"200000";"VL"
"p17192";"Antonio Rosati";"Goalkeeper";"Napoli";"200000";"VL"
"p50038";"Henrique";"Defender";"Napoli";"200000";"VL"
"p52153";"Miguel Britos";"Defender";"Napoli";"200000";"VL"
"p8522";"Christian Maggio";"Defender";"Napoli";"200000";"VL"
"p14739";"Giandomenico Mesto";"Defender";"Napoli";"200000";"VL"
"p42738";"Juan Zuñiga";"Defender";"Napoli";"200000";"L"
"p86129";"Kalidou Koulibaly";"Defender";"Napoli";"200000";"VL"
"p88746";"Faouzi Ghoulam";"Defender";"Napoli";"200000";"VL"
"p18003";"Raúl Albiol";"Defender";"Napoli";"200000";"L"
"p39204";"Jonathan de Guzmán";"Midfielder";"Napoli";"200000";"L"
"p85955";"Jorginho";"Midfielder";"Napoli";"200000";"L"
"p54917";"Dries Mertens";"Midfielder";"Napoli";"200000";"VL"
"p19802";"Marek Hamsik";"Midfielder";"Napoli";"200000";"H"
"p11129";"David López";"Midfielder";"Napoli";"200000";"VL"
"p112340";"Josip Radosevic";"Midfielder";"Napoli";"200000";"VL"
"p37510";"Walter Gargano";"Midfielder";"Napoli";"200000";"VL"
"p40772";"Gökhan Inler";"Midfielder";"Napoli";"200000";"L"
"p51732";"José Callejón";"Forward";"Napoli";"200000";"M"
"p40232";"Gonzalo Higuaín";"Forward";"Napoli";"200000";"VH"
"p54322";"Michu";"Forward";"Napoli";"200000";"L"
"p75592";"Lorenzo Insigne";"Forward";"Napoli";"200000";"L"
"p103086";"Duván Zapata";"Forward";"Napoli";"200000";"VL"
"p42825";"Samir Ujkani";"Goalkeeper";"Palermo";"200000";"VL"
"p146669";"Andrea Fulignati";"Goalkeeper";"Palermo";"200000";"VL"
"p10974";"Stefano Sorrentino";"Goalkeeper";"Palermo";"200000";"VL"
"p18401";"Salvatore Aronica";"Defender";"Palermo";"200000";"VL"
"p38866";"Roberto Vitiello";"Defender";"Palermo";"200000";"VL"
"p46847";"Eros Pisano";"Defender";"Palermo";"200000";"VL"
"p67604";"Sinisa Andjelkovic";"Defender";"Palermo";"200000";"VL"
"p51106";"Milan Milanovic";"Defender";"Palermo";"200000";"VL"
"p54795";"Ezequiel Muñoz";"Defender";"Palermo";"200000";"VL"
"p79479";"Achraf Lazaar";"Defender";"Palermo";"200000";"VL"
"p105021";"Giancarlo Gonzalez";"Defender";"Palermo";"200000";"VL"
"p109533";"Emerson";"Defender";"Palermo";"200000";"VL"
"p12026";"Claudio Terzi";"Defender";"Palermo";"200000";"VL"
"p19523";"Sol Bamba";"Defender";"Palermo";"200000";"VL"
"p89747";"Zouhair Feddal";"Defender";"Palermo";"200000";"VL"
"p49905";"Fabio Daprelà";"Defender";"Palermo";"200000";"VL"
"p169470";"Davide Monteleone";"Defender";"Palermo";"200000";"VL"
"p42161";"Michel Morganella";"Defender";"Palermo";"200000";"VL"
"p14404";"Edgar Barreto";"Midfielder";"Palermo";"200000";"VL"
"p19939";"Francesco Della Rocca";"Midfielder";"Palermo";"200000";"VL"
"p41296";"Francesco Bolzoni";"Midfielder";"Palermo";"200000";"VL"
"p40498";"Granddi N&apos;Goyi";"Midfielder";"Palermo";"200000";"VL"
"p164167";"Ivaylo Chochev";"Midfielder";"Palermo";"200000";"VL"
"p100731";"Franco Vázquez";"Midfielder";"Palermo";"200000";"VL"
"p103578";"Robin Quaison";"Midfielder";"Palermo";"200000";"VL"
"p1037";"Enzo Maresca";"Midfielder";"Palermo";"200000";"VL"
"p21142";"Luca Rigoni";"Midfielder";"Palermo";"200000";"VL"
"p192591";"Accursio Bentivegna";"Midfielder";"Palermo";"200000";"VL"
"p120638";"Paulo Dybala";"Forward";"Palermo";"200000";"VL"
"p83446";"João Silva";"Forward";"Palermo";"200000";"VL"
"p69889";"Simon Makienok";"Forward";"Palermo";"200000";"VL"
"p111722";"Andrea Belotti";"Forward";"Palermo";"200000";"VL"
"p17423";"Alex Cordaz";"Goalkeeper";"Parma";"200000";"VL"
"p60260";"Alessandro Iacobucci";"Goalkeeper";"Parma";"200000";"VL"
"p12730";"Antonio Mirante";"Goalkeeper";"Parma";"200000";"VL"
"p173907";"Marijan Coric";"Goalkeeper";"Parma";"200000";"VL"
"p12728";"Mattia Cassani";"Defender";"Parma";"200000";"VL"
"p106821";"Pedro Mendes";"Defender";"Parma";"200000";"VL"
"p10195";"Alessandro Lucarelli";"Defender";"Parma";"200000";"VL"
"p19581";"Paolo De Ceglie";"Defender";"Parma";"200000";"VL"
"p72275";"Stefan Ristovski";"Defender";"Parma";"200000";"VL"
"p38558";"Andrea Costa";"Defender";"Parma";"200000";"VL"
"p18237";"Massimo Gobbi";"Defender";"Parma";"200000";"VL"
"p17319";"Felipe";"Defender";"Parma";"200000";"VL"
"p39324";"Fabiano Santacroce";"Defender";"Parma";"200000";"VL"
"p37641";"Gabriel Paletta";"Defender";"Parma";"200000";"L"
"p50016";"Andrea Rispoli";"Defender";"Parma";"200000";"VL"
"p41293";"Jonathan Biabiany";"Midfielder";"Parma";"200000";"L"
"p175696";"José Mauri";"Midfielder";"Parma";"200000";"VL"
"p39094";"Daniele Galloppa";"Midfielder";"Parma";"200000";"VL"
"p13525";"Francesco Lodi";"Midfielder";"Parma";"200000";"VL"
"p88008";"Afriyie Acquah";"Midfielder";"Parma";"200000";"VL"
"p47622";"McDonald Mariga";"Midfielder";"Parma";"200000";"VL"
"p179854";"Solomon Nyantakyi";"Midfielder";"Parma";"200000";"VL"
"p160060";"Lucas Souza";"Midfielder";"Parma";"200000";"VL"
"p95713";"Cristóbal Jorquera";"Midfielder";"Parma";"200000";"VL"
"p38633";"Abdelkader Ghezzal";"Forward";"Parma";"200000";"VL"
"p17841";"Nicola Pozzi";"Forward";"Parma";"200000";"VL"
"p76240";"Ishak Belfodil";"Forward";"Parma";"200000";"VL"
"p17887";"Raffaele Palladino";"Forward";"Parma";"200000";"VL"
"p66805";"Soufiane Bidaoui";"Forward";"Parma";"200000";"VL"
"p46908";"Massimo Coda";"Forward";"Parma";"200000";"VL"
"p7174";"Antonio Cassano";"Forward";"Parma";"200000";"VL"
"p126439";"Tomas Svedkauskas";"Goalkeeper";"Roma";"200000";"VL"
"p4038";"Bogdan Lobont";"Goalkeeper";"Roma";"200000";"VL"
"p17419";"Gianluca Curci";"Goalkeeper";"Roma";"200000";"VL"
"p7446";"Morgan De Sanctis";"Goalkeeper";"Roma";"200000";"VL"
"p85288";"Lukasz Skorupski";"Goalkeeper";"Roma";"200000";"VL"
"p196959";"Gabriele Marchegiani";"Goalkeeper";"Roma";"200000";"VL"
"p44488";"Mapou Yanga-Mbiwa";"Defender";"Roma";"200000";"VL"
"p3785";"Ashley Cole";"Defender";"Roma";"200000";"VL"
"p61021";"Leandro Castán";"Defender";"Roma";"200000";"L"
"p18573";"Maicon";"Defender";"Roma";"200000";"VL"
"p50761";"Davide Astori";"Defender";"Roma";"200000";"L"
"p40868";"José Holebas";"Defender";"Roma";"200000";"VL"
"p27375";"Vasilis Torosidis";"Defender";"Roma";"200000";"VL"
"p14783";"Federico Balzaretti";"Defender";"Roma";"200000";"VL"
"p66806";"Kostas Manolas";"Defender";"Roma";"200000";"L"
"p153854";"Michele Somma";"Defender";"Roma";"200000";"VL"
"p18277";"Urby Emanuelson";"Defender";"Roma";"200000";"VL"
"p161921";"Elio Capradossi";"Defender";"Roma";"200000";"VL"
"p155895";"Arturo Calabresi";"Defender";"Roma";"200000";"VL"
"p38833";"Radja Nainggolan";"Midfielder";"Roma";"200000";"L"
"p49887";"Kevin Strootman";"Midfielder";"Roma";"200000";"M"
"p46696";"Miralem Pjanic";"Midfielder";"Roma";"200000";"M"
"p10625";"Daniele De Rossi";"Midfielder";"Roma";"200000";"M"
"p9954";"Seydou Keita";"Midfielder";"Roma";"200000";"VL"
"p97617";"Alessandro Florenzi";"Midfielder";"Roma";"200000";"L"
"p91080";"Leandro Paredes";"Midfielder";"Roma";"200000";"VL"
"p91149";"Salih Ucan";"Midfielder";"Roma";"200000";"VL"
"p93538";"Juan Iturbe";"Forward";"Roma";"200000";"M"
"p56945";"Adem Ljajic";"Forward";"Roma";"200000";"L"
"p14731";"Marco Borriello";"Forward";"Roma";"200000";"VL"
"p4177";"Francesco Totti";"Forward";"Roma";"200000";"VL"
"p60071";"Mattia Destro";"Forward";"Roma";"200000";"L"
"p43274";"Gervinho";"Forward";"Roma";"200000";"L"
"p168598";"Antonio Sanabria";"Forward";"Roma";"200000";"VL"
"p55885";"Ângelo Da Costa";"Goalkeeper";"Sampdoria";"200000";"VL"
"p17746";"Emiliano Viviano";"Goalkeeper";"Sampdoria";"200000";"VL"
"p42899";"Sergio Romero";"Goalkeeper";"Sampdoria";"200000";"VL"
"p195515";"Samuele Massolo";"Goalkeeper";"Sampdoria";"200000";"VL"
"p34694";"Djamel Mesbah";"Defender";"Sampdoria";"200000";"VL"
"p126551";"Alessio Romagnoli";"Defender";"Sampdoria";"200000";"VL"
"p49940";"Vasco Regini";"Defender";"Sampdoria";"200000";"VL"
"p49299";"Matías Silvestre";"Defender";"Sampdoria";"200000";"VL"
"p15842";"Daniele Gastaldello";"Defender";"Sampdoria";"200000";"VL"
"p21125";"Lorenzo De Silvestri";"Defender";"Sampdoria";"200000";"VL"
"p111907";"Michele Fornasier";"Defender";"Sampdoria";"200000";"VL"
"p51188";"Fabrizio Cacciatore";"Defender";"Sampdoria";"200000";"VL"
"p92225";"Alessandro De Vitis";"Midfielder";"Sampdoria";"200000";"VL"
"p116056";"Alfred Duncan";"Midfielder";"Sampdoria";"200000";"VL"
"p97620";"Francesco Fedato";"Midfielder";"Sampdoria";"200000";"VL"
"p56511";"Nenad Krsticic";"Midfielder";"Sampdoria";"200000";"VL"
"p59779";"Pedro Obiang";"Midfielder";"Sampdoria";"200000";"VL"
"p12430";"Angelo Palombo";"Midfielder";"Sampdoria";"200000";"VL"
"p59920";"Roberto Soriano";"Midfielder";"Sampdoria";"200000";"VL"
"p119423";"Luca Rizzo";"Midfielder";"Sampdoria";"200000";"VL"
"p10185";"Marco Marchionni";"Midfielder";"Sampdoria";"200000";"VL"
"p91068";"Pawel Wszolek";"Midfielder";"Sampdoria";"200000";"VL"
"p20046";"Stefano Okaka";"Forward";"Sampdoria";"200000";"VL"
"p61548";"Manolo Gabbiadini";"Forward";"Sampdoria";"200000";"L"
"p50840";"Gianluca Sansone";"Forward";"Sampdoria";"200000";"VL"
"p46532";"Gonzalo Bergessio";"Forward";"Sampdoria";"200000";"VL"
"p28502";"Éder";"Forward";"Sampdoria";"200000";"VL"
"p100064";"Luka Djordjevic";"Forward";"Sampdoria";"200000";"VL"
"p53207";"Alberto Pomini";"Goalkeeper";"Sassuolo";"200000";"VL"
"p37911";"Ciro Polito";"Goalkeeper";"Sassuolo";"200000";"VL"
"p18500";"Andrea Consigli";"Goalkeeper";"Sassuolo";"200000";"VL"
"p7485";"Gianluca Pegolo";"Goalkeeper";"Sassuolo";"200000";"VL"
"p87843";"Alessandro Longhi";"Defender";"Sassuolo";"200000";"VL"
"p105131";"Luca Antei";"Defender";"Sassuolo";"200000";"VL"
"p68353";"Sime Vrsaljko";"Defender";"Sassuolo";"200000";"VL"
"p49737";"Lorenzo Ariaudo";"Defender";"Sassuolo";"200000";"VL"
"p84178";"Francesco Acerbi";"Defender";"Sassuolo";"200000";"VL"
"p37912";"Paolo Bianco";"Defender";"Sassuolo";"200000";"VL"
"p7454";"Thomas Manfredini";"Defender";"Sassuolo";"200000";"VL"
"p42886";"Marcello Gazzola";"Defender";"Sassuolo";"200000";"VL"
"p42496";"Emanuele Terranova";"Defender";"Sassuolo";"200000";"VL"
"p7379";"Paolo Cannavaro";"Defender";"Sassuolo";"200000";"VL"
"p38476";"Federico Peluso";"Defender";"Sassuolo";"200000";"VL"
"p14715";"Francesco Magnanelli";"Midfielder";"Sassuolo";"200000";"VL"
"p128661";"Raman Chibsah";"Midfielder";"Sassuolo";"200000";"VL"
"p19731";"Simone Missiroli";"Midfielder";"Sassuolo";"200000";"VL"
"p21140";"Davide Biondini";"Midfielder";"Sassuolo";"200000";"VL"
"p82752";"Saphir Taïder";"Midfielder";"Sassuolo";"200000";"VL"
"p6852";"Matteo Brighi";"Midfielder";"Sassuolo";"200000";"VL"
"p60270";"Simone Zaza";"Forward";"Sassuolo";"200000";"L"
"p67977";"Leonardo Pavoletti";"Forward";"Sassuolo";"200000";"VL"
"p81033";"Nicola Sansone";"Forward";"Sassuolo";"200000";"VL"
"p116796";"Domenico Berardi";"Forward";"Sassuolo";"200000";"L"
"p4047";"Antonio Floro Flores";"Forward";"Sassuolo";"200000";"VL"
"p169032";"Ettore Gliozzi";"Forward";"Sassuolo";"200000";"VL"
"p178382";"Marcello Sereni";"Forward";"Sassuolo";"200000";"VL"
"p28592";"Sergio Floccari";"Forward";"Sassuolo";"200000";"VL"
"p4561";"Jean-François Gillet";"Goalkeeper";"Torino";"200000";"VL"
"p7263";"Luca Castellazzi";"Goalkeeper";"Torino";"200000";"VL"
"p18377";"Daniele Padelli";"Goalkeeper";"Torino";"200000";"VL"
"p195570";"Nicholas Lentini";"Goalkeeper";"Torino";"200000";"VL"
"p26720";"Cristian Molinaro";"Defender";"Torino";"200000";"VL"
"p3838";"Cesare Bovo";"Defender";"Torino";"200000";"VL"
"p61810";"Pontus Jansson";"Defender";"Torino";"200000";"VL"
"p87542";"Nikola Maksimovic";"Defender";"Torino";"200000";"VL"
"p148037";"Gastón Silva";"Defender";"Torino";"200000";"VL"
"p7823";"Emiliano Moretti";"Defender";"Torino";"200000";"VL"
"p71403";"Kamil Glik";"Defender";"Torino";"200000";"VL"
"p21153";"Salvatore Masiello";"Defender";"Torino";"200000";"VL"
"p119605";"Bruno Peres";"Defender";"Torino";"200000";"VL"
"p40002";"Matteo Darmian";"Defender";"Torino";"200000";"VL"
"p49666";"Migjen Basha";"Midfielder";"Torino";"200000";"VL"
"p59945";"Rubén Pérez";"Midfielder";"Torino";"200000";"VL"
"p50822";"Omar El Kaddouri";"Midfielder";"Torino";"200000";"VL"
"p37574";"Alexander Farnerud";"Midfielder";"Torino";"200000";"VL"
"p38539";"Alessandro Gazzi";"Midfielder";"Torino";"200000";"VL"
"p38769";"Giuseppe Vives";"Midfielder";"Torino";"200000";"VL"
"p28573";"Antonio Nocerino";"Midfielder";"Torino";"200000";"VL"
"p92084";"Juan Sánchez Miño";"Midfielder";"Torino";"200000";"VL"
"p122476";"Marco Benassi";"Midfielder";"Torino";"200000";"VL"
"p56521";"Marcelo Larrondo";"Forward";"Torino";"200000";"VL"
"p21108";"Paulo Barreto";"Forward";"Torino";"200000";"VL"
"p111686";"Josef Martinez";"Forward";"Torino";"200000";"VL"
"p9082";"Amauri";"Forward";"Torino";"200000";"VL"
"p12473";"Fabio Quagliarella";"Forward";"Torino";"200000";"VL"
"p62388";"Zeljko Brkic";"Goalkeeper";"Udinese";"200000";"VL"
"p151804";"Simone Scuffet";"Goalkeeper";"Udinese";"200000";"VL"
"p48332";"Orestis Karnezis";"Goalkeeper";"Udinese";"200000";"VL"
"p171366";"Alex Meret";"Goalkeeper";"Udinese";"200000";"VL"
"p103127";"Molla Wague";"Defender";"Udinese";"200000";"VL"
"p53686";"Danilo";"Defender";"Udinese";"200000";"VL"
"p8367";"Maurizio Domizzi";"Defender";"Udinese";"200000";"VL"
"p38531";"Nicola Belmonte";"Defender";"Udinese";"200000";"VL"
"p156724";"Pawel Bochniewicz";"Defender";"Udinese";"200000";"VL"
"p120637";"Igor Bubnjic";"Defender";"Udinese";"200000";"VL"
"p17844";"Andrea Coda";"Defender";"Udinese";"200000";"VL"
"p14754";"Giovanni Pasquale";"Defender";"Udinese";"200000";"VL"
"p120781";"Silivan Widmer";"Defender";"Udinese";"200000";"VL"
"p100632";"Gabriel Silva";"Defender";"Udinese";"200000";"VL"
"p197097";"Davide Riccardi";"Defender";"Udinese";"200000";"VL"
"p73799";"Thomas Heurtaux";"Defender";"Udinese";"200000";"VL"
"p78096";"Iván Piris";"Defender";"Udinese";"200000";"VL"
"p105053";"Masahudu Alhassan";"Midfielder";"Udinese";"200000";"VL"
"p119765";"Allan";"Midfielder";"Udinese";"200000";"VL"
"p60800";"Emmanuel Badu";"Midfielder";"Udinese";"200000";"VL"
"p141746";"Bruno Fernandes";"Midfielder";"Udinese";"200000";"VL"
"p162286";"Alexis Zapata";"Midfielder";"Udinese";"200000";"VL"
"p9562";"Albert Riera";"Midfielder";"Udinese";"200000";"VL"
"p116251";"Guilherme";"Midfielder";"Udinese";"200000";"VL"
"p114595";"Melker Hallberg";"Midfielder";"Udinese";"200000";"VL"
"p116382";"Jadson";"Midfielder";"Udinese";"200000";"VL"
"p49391";"Marco Faraoni";"Midfielder";"Udinese";"200000";"VL"
"p39471";"Panagiotis Kone";"Midfielder";"Udinese";"200000";"VL"
"p195577";"Jakub Jankto";"Midfielder";"Udinese";"200000";"VL"
"p7458";"Giampiero Pinzi";"Midfielder";"Udinese";"200000";"VL"
"p163562";"Lucas Evangelista";"Midfielder";"Udinese";"200000";"VL"
"p169540";"Nabil Jaadi";"Midfielder";"Udinese";"200000";"VL"
"p13520";"Antonio Di Natale";"Forward";"Udinese";"200000";"VL"
"p87750";"Luis Muriel";"Forward";"Udinese";"200000";"L"
"p197098";"Luca Bezzo";"Forward";"Udinese";"200000";"VL"
"p39748";"Cyril Théréau";"Forward";"Udinese";"200000";"VL"
"p15837";"Alexandre Geijo";"Forward";"Udinese";"200000";"VL"
"p75770";"Rafael";"Goalkeeper";"Verona";"200000";"VL"
"p21120";"Francesco Benussi";"Goalkeeper";"Verona";"200000";"VL"
"p173031";"Lorenzo Ferrari";"Goalkeeper";"Verona";"200000";"VL"
"p156683";"Pierluigi Gollini";"Goalkeeper";"Verona";"200000";"VL"
"p33624";"Guillermo Rodríguez";"Defender";"Verona";"200000";"VL"
"p6685";"Rafael Márquez";"Defender";"Verona";"200000";"VL"
"p90719";"Frederik Sorensen";"Defender";"Verona";"200000";"VL"
"p83564";"Antonio Luna";"Defender";"Verona";"200000";"VL"
"p39464";"Vangelis Moras";"Defender";"Verona";"200000";"VL"
"p53626";"Rafael Marques";"Defender";"Verona";"200000";"VL"
"p27702";"Davide Brivio";"Defender";"Verona";"200000";"VL"
"p10122";"Alessandro Agostini";"Defender";"Verona";"200000";"VL"
"p87974";"Alejandro González";"Defender";"Verona";"200000";"VL"
"p68310";"Ivan Martic";"Defender";"Verona";"200000";"VL"
"p37974";"Mounir Obbadi";"Midfielder";"Verona";"200000";"VL"
"p19711";"Emil Hallfredsson";"Midfielder";"Verona";"200000";"VL"
"p39329";"Bosko Jankovic";"Midfielder";"Verona";"200000";"VL"
"p50343";"Lazaros Christodoulopoulos";"Midfielder";"Verona";"200000";"VL"
"p60655";"Artur Ionita";"Midfielder";"Verona";"200000";"VL"
"p80974";"Jacopo Sala";"Midfielder";"Verona";"200000";"VL"
"p90594";"Mattia Valoti";"Midfielder";"Verona";"200000";"VL"
"p105701";"Gustavo Campanharo";"Midfielder";"Verona";"200000";"VL"
"p52857";"Panagiotis Tachtsidis";"Midfielder";"Verona";"200000";"VL"
"p10144";"Javier Saviola";"Forward";"Verona";"200000";"VL"
"p7511";"Luca Toni";"Forward";"Verona";"200000";"VL"
"p110921";"Nico López";"Forward";"Verona";"200000";"VL"
"p51637";"Juanito Gómez";"Forward";"Verona";"200000";"VL"
"p184661";"Mohamed Fares";"Forward";"Verona";"200000";"VL"
"p177284";"Pierluigi Cappelluzzo";"Forward";"Verona";"200000";"VL"
"p52704";"Nenê";"Forward";"Verona";"200000";"VL"
